3,9,kolhsys.com/contact,2,1,2,"Hi all",Windows,1024*700,Chrome,iPhone,India,192.1.2.5,kolhsdeveloper@gmail.com,"2017-07-22 13:17:27",0,,,"Website Related",Problem
8,9,URL,3,1,1,"FeedbackLens is one of the platforms for you to connect with your customers and get valuable feedback in real-time on the service you provide or products you delivery.",Windows,1349x638,chrome,Mobile,india,127.0.0.1,hycvbg@gmail.com,"2017-07-24 23:15:28",0,,,"Service Related",Problem
4,9,kolhsys.com/contact,5,2,4,"Hi all",iOS,1077*800,Mozila,samsung,Australia,198.25.45.47,pakol@gmail.com,"2017-07-22 13:17:27",0,,,Other,Suggestion
7,9,URL,4,2,2,"FeedbackLens is one of the platforms for you to connect with your customers and get valuable feedback in real-time on the service you provide or products you delivery.",Windows,1349x638,chrome,Mobile,india,127.0.0.1,cdxgf@gmail.com,"2017-07-24 23:14:45",0,,,"Website Related",Suggestion
5,9,kolhsys.com/contact,5,3,4,"hi all",Windows,1024*570,Mozila,iPhone,India,147.12.58.4,kolhsdeveloper@gmail.com,"2017-07-22 13:19:56",1,,,Other,Complaint
6,9,kolhsys.com/service,2,3,1,"Hi all",Windows,1044*720,Android,Mobile,India,187.23.14.04,pakolhatkar123@gmail.com,"2017-07-22 13:19:56",1,,,"Service Related",Complaint
